,Mean,95CI
1,22.286666666666665,0.3935424966251703
5,26.035555555555558,0.42630052527085227
20,29.951111111111114,0.46275613636698065
50,32.882222222222225,0.4644188006577887
