,Mean,95CI
1,74.15555555555555,0.8666331575598449
5,92.42444444444445,0.45507515449629166
20,97.12222222222222,0.24058455916756985
50,98.36,0.16566412203050934
