,Mean,95CI
1,22.724444444444448,0.42085653443901777
5,26.83555555555556,0.4534892821409056
20,32.30888888888889,0.459244275716907
50,36.14888888888889,0.47504205480498635
