,Mean,95CI
1,71.74,0.8301273685098274
5,91.75777777777779,0.47391426551340665
20,96.86888888888889,0.23669229450812165
50,98.16888888888889,0.17784069463550564
