,Mean,95CI
1,29.553333333333335,0.549615260401388
5,42.33111111111111,0.5987660627154878
20,54.38666666666666,0.5977264621745892
50,60.595555555555556,0.5883177272480539
