,Mean,95CI
1,74.47555555555556,0.8542640985529385
5,92.87555555555556,0.43284083387790995
20,97.5111111111111,0.2174066212091245
50,98.56444444444445,0.16031351151438228
