,Mean,95CI
1,29.406666666666666,0.5455641324110528
5,43.26222222222223,0.5949023344894081
20,56.24888888888888,0.5970831888281315
50,63.24666666666667,0.5702290891322745
