,Mean,95CI
1,67.82444444444444,0.8625094860509629
5,89.94666666666667,0.4553014555117125
20,96.02444444444444,0.23494367890335294
50,97.81555555555555,0.15116513098181428
