,Mean,95CI
1,22.84,0.4074352539798416
5,26.1,0.4280143862602407
20,30.126666666666665,0.4403555206134225
50,33.43555555555556,0.454537738834357
