,Mean,95CI
1,23.09111111111111,0.44592184966768245
5,27.528888888888893,0.44101328801908285
20,33.24,0.4618902484359221
50,37.60444444444444,0.4889136556820023
