,Mean,95CI
1,29.884444444444448,0.558750412587633
5,43.93555555555555,0.6054975469222998
20,56.45333333333333,0.5836862262416855
50,63.53333333333333,0.5948098011642012
