,Mean,95CI
1,76.86222222222221,0.8158686016845226
5,93.55777777777777,0.4073918381600939
20,97.50444444444446,0.23128853173002148
50,98.51777777777778,0.16493173545503423
