,Mean,95CI
1,57.46222222222222,0.8031136409830587
5,80.20888888888888,0.6031655894626246
20,88.94444444444444,0.44111808797941193
50,92.08,0.35861695035104313
