,Mean,95CI
1,62.117777777777775,0.8507829413126664
5,81.74888888888889,0.635705561847947
20,89.7911111111111,0.4234313552327478
50,92.50666666666666,0.3423937497659828
