,Mean,95CI
1,66.45111111111112,0.7832885161739991
5,86.10444444444444,0.5121689599279471
20,92.28,0.333685652159977
50,94.30222222222223,0.27052182241331674
