,Mean,95CI
1,54.21333333333333,0.8496354892520378
5,76.10222222222221,0.6817983630728871
20,84.42888888888888,0.5316588733204115
