,Mean,95CI
1,29.857777777777773,0.5358998102052674
5,43.27333333333333,0.5924455587564768
20,54.87555555555556,0.5861979495417137
50,61.4,0.5762133236472458
