,Mean,95CI
1,35.24,0.6181918175889678
5,49.24,0.6263756717352945
20,59.97111111111112,0.6157533842838484
50,64.67777777777779,0.6040578507174085
