,Mean,95CI
1,68.19333333333333,0.8489390212344834
5,90.11777777777779,0.4997182833851874
20,96.26222222222222,0.2818610863847161
50,97.89555555555555,0.1930052276894484
