,Mean,95CI
1,63.54,0.8392723542687629
5,81.63555555555556,0.5838251156556695
20,88.83333333333333,0.42974237931893516
50,91.88222222222223,0.3430302412522401
