,Mean,95CI
1,33.12444444444445,0.5963217530437722
5,46.495555555555555,0.6122934455071644
20,58.553333333333335,0.5832632509041816
50,64.28444444444445,0.5664379732499584
