,Mean,95CI
1,22.951111111111114,0.42197977306758605
5,26.34222222222222,0.4309312792387772
20,30.597777777777775,0.45409699139902066
50,34.24666666666667,0.48064816161096596
