,Mean,95CI
1,63.71333333333333,0.8769154024946655
5,81.60444444444444,0.6272265601664124
20,88.88444444444445,0.4637979846095006
50,91.78222222222222,0.38206982067783396
