,Mean,95CI
1,30.093333333333334,0.5711546725983389
5,44.48,0.6052565010479789
20,56.61111111111111,0.5879730683527812
50,63.72,0.5672232214628318
