,Mean,95CI
1,74.13777777777779,0.8815009569909449
5,92.29777777777778,0.448722915980402
20,96.98666666666666,0.2586083565835595
50,98.23777777777778,0.18104646131704327
