,Mean,95CI
1,32.602222222222224,0.5907723159569163
5,45.562222222222225,0.6048337392584388
20,57.87777777777779,0.5903919963647765
50,64.16666666666667,0.6129836889396634
