,Mean,95CI
1,23.14,0.4244200114131334
5,26.148888888888887,0.4072173508545426
20,30.142222222222227,0.4444914522200441
50,33.60222222222222,0.4574574146891105
