,Mean,95CI
1,69.49111111111112,0.8414094230152483
5,86.82666666666667,0.5295538227849155
20,92.5311111111111,0.343514061905669
50,94.12444444444445,0.27887823306849924
