,Mean,95CI
1,35.12444444444445,0.6398553059295725
5,48.54,0.628125584583241
20,59.975555555555545,0.5914827481440583
50,65.9,0.5627345033968505
