,Mean,95CI
1,66.66,0.7623347333025408
5,85.94444444444446,0.5266680291482431
20,92.18666666666667,0.3389600090845676
50,94.22444444444446,0.25954567078038776
