,Mean,95CI
1,73.72666666666667,0.8376088063581445
5,92.39333333333333,0.4617611511295773
20,96.98444444444443,0.2459725997967663
50,98.26444444444444,0.18038821861780502
