,Mean,95CI
1,34.89111111111111,0.6120277281384441
5,48.76444444444444,0.6506851597235341
20,58.93777777777779,0.6027546285153398
50,63.76,0.5809437706064527
