,Mean,95CI
1,31.264444444444447,0.5524384878681496
5,43.04,0.5675149400041635
20,55.28444444444445,0.5408065193612053
50,61.76222222222221,0.5583323707855647
