,Mean,95CI
1,33.09777777777778,0.5872343640256653
5,46.768888888888895,0.573071379452299
20,57.662222222222226,0.5457088069374778
50,62.86666666666667,0.5539516566364894
