,Mean,95CI
1,60.94444444444445,0.8181115444391829
5,80.78222222222223,0.6366431068539481
20,88.54222222222221,0.4654498848558799
50,91.70666666666666,0.3628605869100115
