,Mean,95CI
1,22.72888888888889,0.3918592331602185
5,25.682222222222222,0.4300361840773641
20,29.94,0.45712885801762565
50,32.913333333333334,0.4679476979464217
