,Mean,95CI
1,64.00222222222223,0.8819040350293046
5,82.50888888888889,0.622839562940634
20,89.63111111111111,0.42875624540474905
50,92.58666666666667,0.3268473831418747
