,Mean,95CI
1,70.73333333333333,0.862926903786569
5,90.81333333333333,0.4965409873566803
20,96.27333333333333,0.27257260804105105
50,97.87777777777778,0.19264256865292834
