,Mean,95CI
1,22.324444444444445,0.406141599825483
5,25.66,0.4166843866445348
20,31.111111111111114,0.45559963230812006
50,34.211111111111116,0.4534177272221982
