,Mean,95CI
1,64.64666666666666,0.857108768600518
5,82.72222222222223,0.614969642808389
20,89.87555555555555,0.42735121095232864
50,92.91777777777779,0.3240118114944613
