,Mean,95CI
1,73.33111111111111,0.8303426696104838
5,92.31333333333333,0.4621124581655837
20,97.22666666666667,0.23524120086794145
50,98.35777777777778,0.1701088732640509
