,Mean,95CI
1,22.493333333333332,0.4017522528798017
5,26.38,0.4319177267071967
20,31.23555555555556,0.4372415788698824
50,35.224444444444444,0.4511708370519834
