,Mean,95CI
1,63.79111111111111,0.8720697511306029
5,82.45555555555556,0.6192805272256625
20,89.66222222222223,0.42918637816805477
50,92.58,0.3305940342438865
