,Mean,95CI
1,22.464444444444442,0.4085841891165572
5,26.706666666666667,0.423031457580304
20,31.757777777777775,0.4467520507838008
50,35.873333333333335,0.46713726774256886
