,Mean,95CI
1,74.55777777777779,0.8501090402483923
5,92.86,0.4313039902036866
20,97.43111111111112,0.2253651904188758
50,98.53333333333333,0.1601668579033056
