,Mean,95CI
1,31.54,0.5696642943030539
5,43.15555555555556,0.5457408420062493
20,54.884444444444455,0.5706043371174939
50,61.72,0.5851640292634893
