,Mean,95CI
1,55.10222222222222,0.8393673118714712
5,76.05555555555556,0.6694437958296806
20,84.16,0.5401062460934787
