,Mean,95CI
1,71.10666666666667,0.8274731935310593
5,91.37777777777778,0.4678231832673176
20,96.50222222222223,0.2788134933297497
50,98.01777777777778,0.18565713483461455
