,Mean,95CI
1,22.7,0.4244029973518759
5,27.328888888888887,0.4441240677376635
20,32.96,0.4483180272291242
50,36.70666666666666,0.47532081886172517
