,Mean,95CI
1,34.717777777777776,0.6463683045351851
5,48.87777777777777,0.617144244908332
20,58.98444444444444,0.5778996472758612
50,63.61333333333334,0.5910447224334247
