,Mean,95CI
1,71.45555555555555,0.8637023377473154
5,91.61777777777777,0.4581650114182838
20,96.87555555555555,0.24330657785923498
50,98.28,0.1733587879087904
