,Mean,95CI
1,66.68666666666667,0.7970866925059413
5,86.17777777777778,0.5174292715455564
20,92.10666666666667,0.3427487597759532
50,94.11111111111111,0.27396504615322187
