,Mean,95CI
1,35.56444444444444,0.6541395710455332
5,49.54666666666667,0.6225350289217375
20,60.42888888888888,0.5715181744941074
50,66.02,0.5974772454631433
