,Mean,95CI
1,60.97111111111111,0.8418171943517666
5,81.43555555555555,0.6290308260837836
20,89.60888888888888,0.4421596717012565
50,92.59555555555556,0.35323677536973463
