,Mean,95CI
1,29.888888888888893,0.5548314170612825
5,43.74666666666667,0.5809728815692707
20,56.56222222222221,0.5424401372167965
50,63.56666666666667,0.5926514427897911
