,Mean,95CI
1,64.12222222222222,0.8794545988476515
5,81.55555555555556,0.6407761776579024
20,88.83777777777777,0.45561600273622904
50,91.74222222222222,0.3698271756169508
