,Mean,95CI
1,22.84222222222222,0.41028749148809374
5,27.217777777777776,0.43411693708611054
20,32.70444444444444,0.4644024336460216
50,36.62444444444445,0.4658707144676188
