,Mean,95CI
1,64.61333333333333,0.8038544431765177
5,84.81111111111112,0.5333368128866893
20,91.74888888888889,0.34588236228782815
50,93.82666666666667,0.2791195684852784
