,Mean,95CI
1,73.15111111111112,0.8160281306091001
5,92.28222222222223,0.446260928571693
20,97.43777777777778,0.22164747313312047
50,98.48888888888888,0.1674367744408292
