,Mean,95CI
1,76.58222222222223,0.8437435907250924
5,93.14666666666666,0.4249313462518286
20,97.35111111111112,0.24758867353163685
50,98.44666666666667,0.1767846270825604
