,Mean,95CI
1,34.553333333333335,0.6382405337026665
5,48.88,0.6203027423053552
20,59.79111111111111,0.5727197850637488
50,64.98222222222222,0.5689768555157357
