,Mean,95CI
1,65.92666666666666,0.8388035405785629
5,84.58222222222221,0.541340344377082
20,91.19777777777777,0.36251579344907214
50,93.26444444444445,0.2950562363134188
