,Mean,95CI
1,76.98444444444443,0.8349631461832571
5,93.54,0.42080486979781684
20,97.62444444444445,0.23305968040074213
50,98.55555555555556,0.16757857790562752
