,Mean,95CI
1,75.68,0.8371396852828364
5,93.08888888888887,0.4299017203847898
20,97.50666666666666,0.23279297609658148
50,98.56666666666666,0.16308409847200464
