,Mean,95CI
1,22.96222222222222,0.43302178163914107
5,26.76,0.4332749523106071
20,31.82,0.42857874345142627
50,35.55555555555556,0.45397007304702947
