,Mean,95CI
1,23.082222222222224,0.4235535165688073
5,27.62222222222222,0.42870660397873184
20,34.08222222222222,0.47151278685167863
50,38.20222222222222,0.4823596256633466
