,Mean,95CI
1,22.93111111111111,0.425627461931069
5,27.168888888888887,0.4387188973958292
20,33.54444444444444,0.45682058685977284
50,37.67333333333333,0.4722430166456074
