,Mean,95CI
1,22.46888888888889,0.41050048598560096
5,26.006666666666668,0.4406876712311047
20,30.148888888888894,0.4397063129480464
50,32.595555555555556,0.4645819277821258
