,Mean,95CI
1,64.95333333333333,0.8407730615305691
5,83.49555555555555,0.5905876566592574
20,90.62666666666667,0.4166952174881535
50,93.3488888888889,0.31648192773402756
