,Mean,95CI
1,74.33111111111111,0.8382688789392402
5,92.85555555555555,0.42653192046212385
20,97.30444444444446,0.24281580261903302
50,98.42666666666666,0.17330506876839294
